"database","period","T0"
"Catalina",0.22997875245407745,55892.26581
